source,tweet_count
"<a href=\"http://twitter.com/download/android\" rel=\"nofollow\">Twitter for Android</a>",23280
"<a href=\"http://twitter.com/download/iphone\" rel=\"nofollow\">Twitter for iPhone</a>",18166
"<a href=\"https://mobile.twitter.com\" rel=\"nofollow\">Twitter Web App</a>",14026
"<a href=\"http://twitter.com/#!/download/ipad\" rel=\"nofollow\">Twitter for iPad</a>",2390
"<a href=\"https://about.twitter.com/products/tweetdeck\" rel=\"nofollow\">TweetDeck</a>",235
"<a href=\"https://dlvrit.com/\" rel=\"nofollow\">dlvr.it</a>",161
"<a href=\"https://ifttt.com\" rel=\"nofollow\">IFTTT</a>",130
"<a href=\"https://www.hootsuite.com\" rel=\"nofollow\">Hootsuite Inc.</a>",98
"<a href=\"http://publicize.wp.com/\" rel=\"nofollow\">Jetpack.com</a>",63
"<a href=\"https://www.echobox.com\" rel=\"nofollow\">Echobox</a>",56
"<a href=\"http://itunes.apple.com/us/app/twitter/id409789998?mt=12\" rel=\"nofollow\">Twitter for Mac</a>",55
"<a href=\"https://buffer.com\" rel=\"nofollow\">Buffer</a>",40
"<a href=\"http://www.socialnewsdesk.com\" rel=\"nofollow\">SocialNewsDesk</a>",35
"<a href=\"https://cheapbotsdonequick.com\" rel=\"nofollow\">Cheap Bots, Done Quick!</a>",34
"<a href=\"https://twitter.com\" rel=\"nofollow\">TweetDeck Web App</a>",34
"<a href=\"http://www.socialflow.com\" rel=\"nofollow\">SocialFlow</a>",34
"<a href=\"https://sproutsocial.com\" rel=\"nofollow\">Sprout Social</a>",32
"<a href=\"https://www.blog2social.com\" rel=\"nofollow\">Blog2Social APP</a>",26
"<a href=\"https://fai.informazione.it\" rel=\"nofollow\">TrendingRetriever</a>",25
"<a href=\"http://www.powerapps.com\" rel=\"nofollow\">Microsoft Power Platform</a>",18
"<a href=\"https://revive.social/\" rel=\"nofollow\">Revive Social App</a>",16
"<a href=\"https://omnihanded.com\" rel=\"nofollow\">Omnihanded MrSkanner App</a>",16
"<a href=\"https://omnihanded.com\" rel=\"nofollow\">Omnihanded Interactive News</a>",16
"<a href=\"https://metricool.com\" rel=\"nofollow\">Metricool</a>",15
"<a href=\"http://besocy.com\" rel=\"nofollow\">Besocy_Oficial</a>",15
"<a href=\"http://instagram.com\" rel=\"nofollow\">Instagram</a>",15
"<a href=\"http://www.hubspot.com/\" rel=\"nofollow\">HubSpot</a>",13
"<a href=\"http://twittbot.net/\" rel=\"nofollow\">twittbot.net</a>",12
"<a href=\"https://twitter.com/facts_bolsonaro\" rel=\"nofollow\">BolsonaroFacts</a>",11
"<a href=\"https://www.informazione.it\" rel=\"nofollow\">Informazione Post</a>",11
"<a href=\"http://online.dmgdemo.com\" rel=\"nofollow\">TwitterDMG_Connector</a>",10
"<a href=\"https://www.socialjukebox.com\" rel=\"nofollow\">The Social Jukebox</a>",9
"<a href=\"http://www.agentmethods.com\" rel=\"nofollow\">AgentMethods Insurance Website</a>",9
"<a href=\"https://my.arturin.com\" rel=\"nofollow\">Artur'In</a>",8
"<a href=\"https://www.loomly.com/\" rel=\"nofollow\">Loomly</a>",8
"<a href=\"https://www.townnews.com/\" rel=\"nofollow\">BLOX CMS</a>",8
"<a href=\"https://kojospace.com/\" rel=\"nofollow\">coronaData_Test</a>",7
"<a href=\"http://www.linkedin.com/\" rel=\"nofollow\">LinkedIn</a>",7
"<a href=\"https://app.agorapulse.com\" rel=\"nofollow\">Agorapulse app</a>",6
"<a href=\"https://studio.twitter.com\" rel=\"nofollow\">Twitter Media Studio</a>",6
"<a href=\"https://hackernoon.com\" rel=\"nofollow\">HN_Comments</a>",6
"<a href=\"https://www.sprinklr.com\" rel=\"nofollow\">Sprinklr</a>",6
"<a href=\"https://www.meltwater.com/\" rel=\"nofollow\">Meltwater Social</a>",6
"<a href=\"https://trueanthem.com/\" rel=\"nofollow\">True Anthem</a>",6
"<a href=\"http://tweepsmap.com\" rel=\"nofollow\">Tweepsmap</a>",6
"<a href=\"https://eclincher.com\" rel=\"nofollow\">eClincher</a>",6
"<a href=\"https://github.com/mattn/twty\" rel=\"nofollow\">twty</a>",6
"<a href=\"https://social.zoho.com\" rel=\"nofollow\">Zoho Social</a>",5
"<a href=\"https://help.twitter.com/en/using-twitter/how-to-tweet#source-labels\" rel=\"nofollow\">Petrustuits</a>",5
"<a href=\"https://novapress.com/\" rel=\"nofollow\">NovaPress</a>",5
"<a href=\"https://www.nonli.com\" rel=\"nofollow\">Nonli</a>",5
"<a href=\"https://www.make.com\" rel=\"nofollow\">Make (formerly Integromat)</a>",5
"<a href=\"https://twitter.com/outbreaksci\" rel=\"nofollow\">preprint-alert</a>",5
"<a href=\"http://twitter.softama.com/\" rel=\"nofollow\">ツイタマ</a>",4
"<a href=\"https://github.com/altrightblocker\" rel=\"nofollow\">Alt-Right Detector Bot</a>",4
"<a href=\"https://tweethunter.io\" rel=\"nofollow\">Tweet Hunter Pro</a>",4
"<a href=\"https://publer.io\" rel=\"nofollow\">Publer.io</a>",4
"<a href=\"https://sciencex.com/\" rel=\"nofollow\">Science X Status Updates</a>",4
"<a href=\"https://boto.io\" rel=\"nofollow\">boto_io</a>",4
"<a href=\"http://prtgtoolsfamily.com/us/products/notifications/twitter\" rel=\"nofollow\">PTF.Tweet</a>",4
"<a href=\"http://sinproject.net/tweecha/\" rel=\"nofollow\">tweechaPrime</a>",4
"<a href=\"https://google.com\" rel=\"nofollow\">BIoomberg</a>",4
"<a href=\"https://ppalasek.github.io\" rel=\"nofollow\">CroatiaCovidStats</a>",4
"<a href=\"https://socialbee.io/\" rel=\"nofollow\">SocialBee.io v2</a>",3
"<a href=\"http://www.miragenews.com\" rel=\"nofollow\">Mirage News Posts</a>",3
"<a href=\"http://etus.com.br\" rel=\"nofollow\">Etus Brasil</a>",3
"<a href=\"https://1001rss.com/\" rel=\"nofollow\">1001RSS autopublisher V3</a>",3
"<a href=\"https://zapier.com/\" rel=\"nofollow\">Zapier.com</a>",3
"<a href=\"https://stackdone.com\" rel=\"nofollow\">collect-informatioon</a>",3
"<a href=\"http://postplanner.com\" rel=\"nofollow\">Post Planner LLC</a>",3
"<a href=\"https://twitter.com/ViRiYaBOT\" rel=\"nofollow\">viriya</a>",3
"<a href=\"https://hypefury.com\" rel=\"nofollow\">Hypefury</a>",3
"<a href=\"https://saas.mashup-web.com\" rel=\"nofollow\">Mashup Web</a>",3
"<a href=\"https://www.later.com\" rel=\"nofollow\">LaterMedia</a>",3
"<a href=\"https://climatechangefacts.com\" rel=\"nofollow\">Climate Change Fact Check</a>",3
"<a href=\"http://www.littlemsmobile.com\" rel=\"nofollow\">CareMo News</a>",3
"<a href=\"http://www.tobeannounced.com\" rel=\"nofollow\">News Users</a>",3
"<a href=\"https://globalsocialpost.com\" rel=\"nofollow\">Global Social Post</a>",3
"<a href=\"https://paper.li\" rel=\"nofollow\">Paper.li</a>",3
"<a href=\"https://help.twitter.com/en/using-twitter/how-to-tweet#source-labels\" rel=\"nofollow\">CompChemBio Bot</a>",3
"<a href=\"http://www.socialbakers.com/\" rel=\"nofollow\">Emplifi</a>",3
"<a href=\"https://www.canva.com\" rel=\"nofollow\">Canva</a>",3
"<a href=\"https://pandemicpatients.org\" rel=\"nofollow\">LongCOVIDResearch</a>",3
"<a href=\"https://gambiste.com\" rel=\"nofollow\">Gambiste</a>",3
"<a href=\"https://svn.app\" rel=\"nofollow\">ttte</a>",3
"<a href=\"https://vettedpatriots.com/\" rel=\"nofollow\">#VettedPatriots</a>",2
"<a href=\"https://m1.t7w.co\" rel=\"nofollow\">T7 App</a>",2
"<a href=\"https://example.com\" rel=\"nofollow\">find_nakata</a>",2
"<a href=\"http://www.misterpopocelestial.net\" rel=\"nofollow\">DCN HOY</a>",2
"<a href=\"https://www.sprinklr.com/\" rel=\"nofollow\">Powered by Sprinklr</a>",2
"<a href=\"https://www.fs-poster.com\" rel=\"nofollow\">FS Poster 3</a>",2
"<a href=\"https://mobilemarketer.pro\" rel=\"nofollow\">VPNewFeatures</a>",2
"<a href=\"http://www.misterpopocelestial.net\" rel=\"nofollow\">Agencia NDS</a>",2
"<a href=\"https://freddy.linuxtribe.fr/radio-londres/\" rel=\"nofollow\">RadioLondres</a>",2
"<a href=\"http://www.yotpo.com\" rel=\"nofollow\">Yotpo</a>",2
"<a href=\"https://cloudcampaign.io/\" rel=\"nofollow\">Cloud Campaign</a>",2
"<a href=\"https://smapsolutions.com/\" rel=\"nofollow\">SMAP Lite</a>",2
"<a href=\"https://tweetoshi.com\" rel=\"nofollow\">Tweetoshi</a>",2
"<a href=\"https://itunes.apple.com/jp/app/hel2um/id1146280429?mt=8\" rel=\"nofollow\">Hel2um on iOS</a>",2
"<a href=\"https://dataemia.com\" rel=\"nofollow\">Dataemia</a>",2
"<a href=\"http://www.informazione.it\" rel=\"nofollow\">Tweet Informazione</a>",2
"<a href=\"https://www.titrespresse.com\" rel=\"nofollow\">Titrespresse.com to Twitter</a>",2
"<a href=\"https://cambiee.com.br\" rel=\"nofollow\">Bot Bosta</a>",2
"<a href=\"https://www.socialoomph.com\" rel=\"nofollow\">SocialOomph</a>",2
"<a href=\"https://oxfordblue.azurewebsites.net\" rel=\"nofollow\">OxfordBlue-Twitter</a>",2
"<a href=\"https://www.constantcontact.com/\" rel=\"nofollow\">Constant Contact - Social Posts</a>",2
"<a href=\"https://prod1.sprinklr.com\" rel=\"nofollow\">Sprinklr Publishing</a>",2
"<a href=\"https://www.semrush.com/\" rel=\"nofollow\">Semrush Social Media Tool</a>",2
"<a href=\"https://covid19travel.com\" rel=\"nofollow\">Covid19Travel Twitter bot app</a>",2
"<a href=\"https://hocalwire.com\" rel=\"nofollow\">Hocalwire Social</a>",2
"<a href=\"https://www.radioking.com\" rel=\"nofollow\">Radio King LiveTweet</a>",2
"<a href=\"https://smarterqueue.com\" rel=\"nofollow\">SmarterQueue</a>",2
"<a href=\"https://newstool.cope.es\" rel=\"nofollow\">GRUPO COPE</a>",2
"<a href=\"https://www.socialgest.net\" rel=\"nofollow\">SocialGest</a>",2
"<a href=\"https://twitter.bot\" rel=\"nofollow\">jayeshthakur</a>",2
"<a href=\"https://www.facebook.com/socialmlabs/\" rel=\"nofollow\">mLabs - Gestão de Redes Sociais</a>",2
"<a href=\"https://upstract.com\" rel=\"nofollow\">Upstract News Broadcast</a>",2
"<a href=\"http://www.detik.com/\" rel=\"nofollow\">detikcommunity</a>",2
"<a href=\"http://www.twitpane.com\" rel=\"nofollow\">TwitPane for KindleFire</a>",2
"<a href=\"https://labml.ai\" rel=\"nofollow\">Daily AI Papers</a>",2
"<a href=\"https://www.corvusengineering.com\" rel=\"nofollow\">CorvusTwitterApp</a>",2
"<a href=\"https://twblue.es\" rel=\"nofollow\">TW Blue</a>",2
"<a href=\"http://www.peacefmonline.com\" rel=\"nofollow\">Peace FM Online</a>",2
"<a href=\"http://www.everyonesocial.com\" rel=\"nofollow\">EveryoneSocial</a>",2
"<a href=\"https://help.twitter.com/en/using-twitter/how-to-tweet#source-labels\" rel=\"nofollow\">BinfoTrends</a>",2
"<a href=\"https://nectar.social\" rel=\"nofollow\">BHIVE Nectar</a>",2
"<a href=\"http://www.republicworld.com\" rel=\"nofollow\">Republicworld</a>",2
"<a href=\"https://app.socialpilot.co/\" rel=\"nofollow\">SocialPilot.co</a>",2
"<a href=\"https://www.thepaperlink.com\" rel=\"nofollow\">the paper link</a>",2
"<a href=\"https://radio.co\" rel=\"nofollow\">Radio.co now playing</a>",2
"<a href=\"https://twitter.com\" rel=\"nofollow\">TruthNews2day</a>",2
"<a href=\"https://www.animenewsnetwork.com/\" rel=\"nofollow\">Anime News Network news feed</a>",2
"<a href=\"https://twitter.com/glad_help\" rel=\"nofollow\">@glad_help</a>",2
"<a href=\"https://sepbit.com\" rel=\"nofollow\">Sepbit</a>",2
"<a href=\"https://patriotsassemble.com\" rel=\"nofollow\">PatriotsAssemble</a>",1
"<a href=\"http://www.MisfitPatriots.com\" rel=\"nofollow\">MisfitPatriots1.com</a>",1
"<a href=\"https://vistasocial.com\" rel=\"nofollow\">Vista Social</a>",1
"<a href=\"https://saas.mashup-web.com/\" rel=\"nofollow\">Mashup-Web 2</a>",1
"<a href=\"http://www.atlantico.fr/\" rel=\"nofollow\">Atlantico</a>",1
"<a href=\"https://onvoitout.com\" rel=\"nofollow\">On voit tout</a>",1
"<a href=\"http://www.beccaria-portal.org\" rel=\"nofollow\">Beccaria-Portal Daily Press</a>",1
"<a href=\"http://wildmoka.com\" rel=\"nofollow\">Wildmoka</a>",1
"<a href=\"https://twitter.com/oregakitaworld\" rel=\"nofollow\">Oreno Intelligence Agency</a>",1
"<a href=\"http://wallst.express\" rel=\"nofollow\">Wall St. Express</a>",1
"<a href=\"https://pastexpiry.blogspot.com\" rel=\"nofollow\">PEtwitpix</a>",1
"<a href=\"http://www.onmedic.com\" rel=\"nofollow\">bot_cardiogalenico</a>",1
"<a href=\"http://porelojodelacerradura.com.do\" rel=\"nofollow\">Autopublicaciones_porelojo</a>",1
"<a href=\"https://help.twitter.com/en/using-twitter/how-to-tweet#source-labels\" rel=\"nofollow\">CyberDFIR</a>",1
"<a href=\"http://www.mailchimp.com\" rel=\"nofollow\">Mailchimp</a>",1
"<a href=\"https://prod2.sprinklr.com\" rel=\"nofollow\">Sprinklr Publisher</a>",1
"<a href=\"https://coschedule.com\" rel=\"nofollow\">CoSchedule</a>",1
"<a href=\"https://www.fs-poster.com/\" rel=\"nofollow\">FS_Poster_App</a>",1
"<a href=\"https://torch1.com\" rel=\"nofollow\">Torch1</a>",1
"<a href=\"http://xeva.com.mx/\" rel=\"nofollow\">xeva</a>",1
"<a href=\"https://misfitpatriots.com\" rel=\"nofollow\">Deesnutz</a>",1
"<a href=\"http://nomado.ryuhagiwara.com/\" rel=\"nofollow\">世界モバイル評論家協会</a>",1
"<a href=\"http://blog.seesaa.jp/\" rel=\"nofollow\">SeesaaBlog</a>",1
"<a href=\"https://www.tweetomizer.com\" rel=\"nofollow\">tweetomizer.com</a>",1
"<a href=\"https://help.twitter.com/en/using-twitter/how-to-tweet#source-labels\" rel=\"nofollow\">corona.nrw</a>",1
"<a href=\"http://idw-online.de/en/\" rel=\"nofollow\">idw_feed_en</a>",1
"<a href=\"https://help.twitter.com/en/using-twitter/how-to-tweet#source-labels\" rel=\"nofollow\">Twitter for Iphoneeeeeeeeeeeeeee</a>",1
"<a href=\"https://www.advisorstream.com\" rel=\"nofollow\">AdvisorStream v2</a>",1
"<a href=\"https://example.org\" rel=\"nofollow\">Linda Jones</a>",1
"<a href=\"https://twitter.com/rejectpetitions\" rel=\"nofollow\">Rejected Petitions</a>",1
"<a href=\"http://dynamicsignal.com/\" rel=\"nofollow\">Dynamic Signal</a>",1
"<a href=\"http://www.pionerprodukt.by\" rel=\"nofollow\">PionerProdukt</a>",1
"<a href=\"https://missinglettr.com\" rel=\"nofollow\">Missinglettr</a>",1
"<a href=\"http://www.jeanmarcmorandini.com/\" rel=\"nofollow\">Application @morandiniblog</a>",1
"<a href=\"https://backbone.ma\" rel=\"nofollow\">backbone.ma</a>",1
"<a href=\"https://getreal360.com\" rel=\"nofollow\">GetReal360</a>",1
"<a href=\"https://ho.com\" rel=\"nofollow\">auto is the only way it can be </a>",1
"<a href=\"https://hopscotch.social/\" rel=\"nofollow\">Hopscotch Social</a>",1
"<a href=\"https://www.thryv.com/\" rel=\"nofollow\">Thryv</a>",1
"<a href=\"https://lightful.com\" rel=\"nofollow\">Lightful</a>",1
"<a href=\"https://seattlebrief.com\" rel=\"nofollow\">seattlebrief</a>",1
"<a href=\"https://shop.thelapdrop.com\" rel=\"nofollow\">The Lapdrop</a>",1
"<a href=\"https://biztoc.com/\" rel=\"nofollow\">BizToc.com News</a>",1
"<a href=\"http://www.ilmattino.it\" rel=\"nofollow\">IlMattinoSocial</a>",1
"<a href=\"https://help.twitter.com/en/using-twitter/how-to-tweet#source-labels\" rel=\"nofollow\">EndPoliceBrutality</a>",1
"<a href=\"http://www.oneupapp.io\" rel=\"nofollow\">OneUp App</a>",1
"<a href=\"https://help.twitter.com/en/using-twitter/how-to-tweet#source-labels\" rel=\"nofollow\">OTwikibot</a>",1
"<a href=\"https://www.worldeconomics.com\" rel=\"nofollow\">ShadowTweetWE</a>",1
"<a href=\"http://moqilmoqil.info\" rel=\"nofollow\">moqil moqil</a>",1
"<a href=\"https://homeinc.com\" rel=\"nofollow\">forRetweeting</a>",1
"<a href=\"http://www.DynamicTweets.com\" rel=\"nofollow\">Dynamic Tweets</a>",1
"<a href=\"https://en.antaranews.com\" rel=\"nofollow\">Antaranews English</a>",1
"<a href=\"http://sam-song.info\" rel=\"nofollow\">SAM Broadcaster Song Info</a>",1
"<a href=\"https://www.virgilio.it/notizie\" rel=\"nofollow\">VirgilioNotizie</a>",1
"<a href=\"https://twitter.com/pubhealth_watch\" rel=\"nofollow\">publichealthaggregator</a>",1
"<a href=\"https://rtweet.info\" rel=\"nofollow\">rstats2twitter</a>",1
"<a href=\"https://hikerstore.co.uk\" rel=\"nofollow\">isearch247</a>",1
"<a href=\"https://reinfovf.com\" rel=\"nofollow\">reinfovf</a>",1
"<a href=\"https://newsfilter.io\" rel=\"nofollow\">Newsfilter.io</a>",1
"<a href=\"http://www.europapress.es/euskadi\" rel=\"nofollow\">Twitter editor Euskadi</a>",1
"<a href=\"http://www.kaseyjohns.com/studiopost/\" rel=\"nofollow\">StudioPost</a>",1
"<a href=\"http://ghanaguardian.com\" rel=\"nofollow\">GhanaGuardian AutoPost</a>",1
"<a href=\"http://pavelnguyen.com\" rel=\"nofollow\">ContentPosting</a>",1
"<a href=\"http://itdimension.intoday.in\" rel=\"nofollow\"> IndiaTodayFLASH</a>",1
"<a href=\"https://stackoverflow.com\" rel=\"nofollow\">Julie Green</a>",1
"<a href=\"https://help.twitter.com/en/using-twitter/how-to-tweet#source-labels\" rel=\"nofollow\">PublicaWeb_diariodeosorno</a>",1
"<a href=\"https://seolit.ru/\" rel=\"nofollow\">SEOLIT Publisher</a>",1
"<a href=\"https://larnakaonline.com.cy/\" rel=\"nofollow\">Larnakaonline</a>",1
"<a href=\"http://www.jawapos.com\" rel=\"nofollow\">Jawapos.com auto tweet</a>",1
"<a href=\"https://twitter.com/covidsewage\" rel=\"nofollow\">covidsewage</a>",1
"<a href=\"https://api.avayasmh.com\" rel=\"nofollow\">Avaya Social Connections</a>",1
"<a href=\"https://twitter.com/All100Senators\" rel=\"nofollow\">all100Senators</a>",1
"<a href=\"https://dash.metroworldnews.com/twitter\" rel=\"nofollow\">BotTwitterBrazil</a>",1
"<a href=\"https://noticiaalminuto.com\" rel=\"nofollow\">noticiaalminuto</a>",1
"<a href=\"https://www.mylibertynews.com\" rel=\"nofollow\">Myliberty News Website</a>",1
"<a href=\"https://varta1.com/\" rel=\"nofollow\">varta1</a>",1
"<a href=\"https://aiir.com\" rel=\"nofollow\">Aiir</a>",1
"<a href=\"https://twitter.com/zeitferne\" rel=\"nofollow\">Covid19at-Melder</a>",1
"<a href=\"https://www.grapevine6.com\" rel=\"nofollow\">Seismic LiveSocial</a>",1
"<a href=\"https://help.twitter.com/en/using-twitter/how-to-tweet#source-labels\" rel=\"nofollow\">CovidCDMX</a>",1
"<a href=\"https://we-twitter-bot.herokuapp.com/\" rel=\"nofollow\">WePesaroBot</a>",1
"<a href=\"http://www.mondaq.com\" rel=\"nofollow\">mdq america</a>",1
"<a href=\"https://www.reforma.com\" rel=\"nofollow\">GR_Feed</a>",1
"<a href=\"https://www.youtube.com/channel/UC2QMay1Q--ytiOUHOKb26Ww\" rel=\"nofollow\">botty0.9</a>",1
"<a href=\"https://help.twitter.com/en/using-twitter/how-to-tweet#source-labels\" rel=\"nofollow\">MLChem</a>",1
"<a href=\"http://www.tvnet.lv\" rel=\"nofollow\">TVNET Login</a>",1
"<a href=\"http://www.soft-data.com\" rel=\"nofollow\">SD-PushTwitter</a>",1
"<a href=\"http://www.ilgazzettino.it\" rel=\"nofollow\">IlGazzettinoSocial</a>",1
"<a href=\"https://ultimasnoticias.com.ve\" rel=\"nofollow\">WP Twitter UN</a>",1
"<a href=\"https://www.pna.gr/\" rel=\"nofollow\">perfect publisher</a>",1
"<a href=\"https://www.leadconnectorhq.com/\" rel=\"nofollow\">LeadConnector</a>",1
"<a href=\"https://twitter.com\" rel=\"nofollow\">Twitter for Advertisers</a>",1
"<a href=\"https://www.socialchamp.io\" rel=\"nofollow\">SocialChamp IO </a>",1
"<a href=\"https://help.twitter.com/en/using-twitter/how-to-tweet#source-labels\" rel=\"nofollow\">E-Gon</a>",1
"<a href=\"https://www.ivoox.com\" rel=\"nofollow\">iVoox</a>",1
"<a href=\"https://app.cleverpush.com\" rel=\"nofollow\">CleverPush</a>",1
"<a href=\"https://www.rssground.com\" rel=\"nofollow\">RSS Ground</a>",1
"<a href=\"http://idw-online.de\" rel=\"nofollow\">idw</a>",1
"<a href=\"http://testapp.com/\" rel=\"nofollow\">TwitterAppStudy01</a>",1
"<a href=\"http://www.cdn.com.do/\" rel=\"nofollow\">CDN37</a>",1
"<a href=\"https://help.twitter.com/en/using-twitter/how-to-tweet#source-labels\" rel=\"nofollow\">trackntracer</a>",1
"<a href=\"http://pardot.com\" rel=\"nofollow\">Pardot</a>",1
"<a href=\"https://www.clarabridge.com/\" rel=\"nofollow\">Qualtrics Social Connect</a>",1
"<a href=\"https://talkingpointsmemo.com/\" rel=\"nofollow\">WPT Pro App</a>",1
"<a href=\"https://maringapost.com.br\" rel=\"nofollow\">Maringá Post</a>",1
"<a href=\"https://scitechdaily.com\" rel=\"nofollow\">STWPtoTwitter</a>",1
"<a href=\"https://libyaupdate.com\" rel=\"nofollow\">The Libya Update</a>",1
"<a href=\"https://twitter.com/bookmedi_info\" rel=\"nofollow\">BookMedi_Info_App</a>",1
"<a href=\"http://www.diariocontraste.com\" rel=\"nofollow\">DiarioContraste</a>",1
"<a href=\"http://www.example.com/\" rel=\"nofollow\">Paul's twitter bot</a>",1
"<a href=\"http://www.bahiaja.com.br\" rel=\"nofollow\">Portal Bahia Já</a>",1
"<a href=\"http://lecronache.info\" rel=\"nofollow\">CronacheLucane</a>",1
"<a href=\"http://www.republika.co.id\" rel=\"nofollow\">roltweet</a>",1
"<a href=\"https://bitly.com/\" rel=\"nofollow\">Bitly</a>",1
"<a href=\"http://urls.fr/\" rel=\"nofollow\">URLs_fr</a>",1
"<a href=\"https://substack.com/\" rel=\"nofollow\">Substack</a>",1
"<a href=\"https://noticiasdeldf.com\" rel=\"nofollow\">NoticiasdelDF</a>",1
"<a href=\"http://twinybots.com\" rel=\"nofollow\">TwinyBots</a>",1
"<a href=\"https://bitcoinbagri.in/\" rel=\"nofollow\">scial 1</a>",1
"<a href=\"https://help.twitter.com/en/using-twitter/how-to-tweet#source-labels\" rel=\"nofollow\">so_cal_jobs_bot_v2</a>",1
"<a href=\"https://bitcoinbagri.in\" rel=\"nofollow\">Auto bloging</a>",1
"<a href=\"http://abacus.universidadeuropea.es/\" rel=\"nofollow\">UE DSpace</a>",1
"<a href=\"http://static.xinhua-news.cn\" rel=\"nofollow\">app-xinhua-news-espanol</a>",1
"<a href=\"https://daryo.com\" rel=\"nofollow\">daryo.com</a>",1
"<a href=\"https://lifeboat.com\" rel=\"nofollow\">lifeboat.com</a>",1
"<a href=\"http://www.diarioya.com.ar \" rel=\"nofollow\">DiarioYaAR</a>",1
"<a href=\"http://radio3.io/\" rel=\"nofollow\">radio3.io</a>",1
"<a href=\"http://www.example.com\" rel=\"nofollow\">JS EBOOKS</a>",1
"<a href=\"http://www.salvadordez.com.br\" rel=\"nofollow\">PortalSalvadorDez</a>",1
"<a href=\"https://help.twitter.com/en/using-twitter/how-to-tweet#source-labels\" rel=\"nofollow\">boenbot</a>",1
"<a href=\"https://help.twitter.com/en/using-twitter/how-to-tweet#source-labels\" rel=\"nofollow\">3kooba</a>",1
"<a href=\"https://airtime.pro\" rel=\"nofollow\">Airtime Pro</a>",1
"<a href=\"https://help.twitter.com/en/using-twitter/how-to-tweet#source-labels\" rel=\"nofollow\">Konzidenz</a>",1
"<a href=\"https://stireazilei.co.uk/\" rel=\"nofollow\">StireaZileiUK</a>",1
"<a href=\"https://dashboard.heropost.io/\" rel=\"nofollow\">Heropost</a>",1
"<a href=\"https://help.twitter.com/en/using-twitter/how-to-tweet#source-labels\" rel=\"nofollow\">IndiaNewsStreamAppNew</a>",1
"<a href=\"https://greatlysocial.com\" rel=\"nofollow\">Greatly Social Twitter</a>",1
"<a href=\"https://follow.it\" rel=\"nofollow\">follow.it</a>",1
"<a href=\"https://knife.media\" rel=\"nofollow\">knife-posting</a>",1
"<a href=\"https://help.twitter.com/en/using-twitter/how-to-tweet#source-labels\" rel=\"nofollow\">https://speedynews.gr</a>",1
"<a href=\"https://dashhudson.com\" rel=\"nofollow\">Dash Hudson</a>",1
"<a href=\"https://www.kpaudel.com\" rel=\"nofollow\">corona-tracker-app</a>",1
"<a href=\"http://www.alcontacto.com.mx\" rel=\"nofollow\">AlContacto</a>",1
"<a href=\"http://www.mmslab.jp/\" rel=\"nofollow\">ElekiTanBot1</a>",1
"<a href=\"https://example.org\" rel=\"nofollow\">JayJayBot 5000</a>",1
"<a href=\"http://www.flightrefunds.org.uk\" rel=\"nofollow\">1fr</a>",1
"<a href=\"https://www.translated.com\" rel=\"nofollow\">Imminent News</a>",1
"<a href=\"https://blogsterapp.com\" rel=\"nofollow\">BlogsterApp</a>",1
"<a href=\"https://www.gatra.com/\" rel=\"nofollow\">GATRA.com</a>",1
"<a href=\"https://hindi.dynamitenews.com\" rel=\"nofollow\">Dynamite News Hindi</a>",1
"<a href=\"https://workshop.pimpmy.social\" rel=\"nofollow\">PimpMySocial Workshop</a>",1
"<a href=\"http://www.europapress.es/euskera/\" rel=\"nofollow\">Editor twitter euskera</a>",1
"<a href=\"http://www.rietilife.com\" rel=\"nofollow\">NextScript Rietilife</a>",1
"<a href=\"http://www.lametino.it\" rel=\"nofollow\">IlLametino</a>",1
"<a href=\"https://www.alinea.id\" rel=\"nofollow\">Alinea.id</a>",1
"<a href=\"https://www.ayrshare.com\" rel=\"nofollow\">Ayrshare</a>",1
"<a href=\"http://www.masantefacile.com\" rel=\"nofollow\">Masantefacile</a>",1
"<a href=\"https://help.twitter.com/en/using-twitter/how-to-tweet#source-labels\" rel=\"nofollow\">CovidBesmettingen</a>",1
"<a href=\"https://app.italynowadays.it/\" rel=\"nofollow\">Italy Nowadays</a>",1
"<a href=\"https://twitter.com/i/events/1456416669014790155\" rel=\"nofollow\">adesignerWORKS</a>",1
"<a href=\"https://www.myjournals.org\" rel=\"nofollow\">MyJournals.org</a>",1
"<a href=\"https://imminent.translated.com/\" rel=\"nofollow\">Imminent Weltweite Nachrichten</a>",1
"<a href=\"https://www.bookclubpro.com/\" rel=\"nofollow\">BookzoidBooks</a>",1
"<a href=\"https://cherumbu.com/\" rel=\"nofollow\">Cherumbu News</a>",1
"<a href=\"https://smmbox.com\" rel=\"nofollow\">SmmBox</a>",1
"<a href=\"http://sinproject.net/tweecha\" rel=\"nofollow\">Tweecha Lite</a>",1
"<a href=\"http://www.wi-id.com\" rel=\"nofollow\">gynbot</a>",1
"<a href=\"https://github.com/robertodoering/harpy\" rel=\"nofollow\">harpy for Twitter</a>",1
"<a href=\"https://soundcloud.com/bolide\" rel=\"nofollow\">Mykabot</a>",1
"<a href=\"https://entypos.com\" rel=\"nofollow\">entypos.com</a>",1
"<a href=\"https://help.twitter.com/en/using-twitter/how-to-tweet#source-labels\" rel=\"nofollow\">NI COVID19 Tests</a>",1
"<a href=\"http://jim.fr\" rel=\"nofollow\">jimwebfeed</a>",1
"<a href=\"http://www.animefagos.com/\" rel=\"nofollow\">AnimeFagos</a>",1
"<a href=\"http://thecareruk.com\" rel=\"nofollow\">The Carer</a>",1
"<a href=\"https://google.it\" rel=\"nofollow\">Twittex1</a>",1
"<a href=\"https://twitter.com/home\" rel=\"nofollow\">MegaNewsUpdates</a>",1
"<a href=\"https://mskit.net/\" rel=\"nofollow\">Social Auto Poster MSKit</a>",1
"<a href=\"http://joytter.net/\" rel=\"nofollow\">Joytter</a>",1
"<a href=\"https://orlo.tech\" rel=\"nofollow\">Orlo</a>",1
"<a href=\"http://oysttyer.github.io/oysttyer/\" rel=\"nofollow\">oysttyer</a>",1
"<a href=\"https://thomasandrewmaclean.github.io/theoTwitterBot/\" rel=\"nofollow\">Theo Twitter Bot</a>",1
"<a href=\"https://tva.cibles.fr/\" rel=\"nofollow\">Botliberalisme</a>",1
"<a href=\"http://www.over-blog-kiwi.com\" rel=\"nofollow\">OverBlog Kiwi</a>",1
"<a href=\"http://www.afropages.fr\" rel=\"nofollow\">Afropages</a>",1
"<a href=\"https://github.com/DTVD/rainbowstream\" rel=\"nofollow\">Rainbow Stream</a>",1
"<a href=\"https://help.twitter.com/en/using-twitter/how-to-tweet#source-labels\" rel=\"nofollow\">covid19_nepal</a>",1
"<a href=\"https://www.twitter.com/\" rel=\"nofollow\">Twitter Media Studio - LiveCut</a>",1
"<a href=\"http://www.bangkokpost.com\" rel=\"nofollow\">BPbreakingnews</a>",1
"<a href=\"https://www.spamchronicles.com/\" rel=\"nofollow\">Nowmy Tweets</a>",1
"<a href=\"https://pezou.com\" rel=\"nofollow\">Pezou</a>",1
"<a href=\"http://www.noticiasde.es\" rel=\"nofollow\">NoticiasDe.es</a>",1
"<a href=\"https://app.sendible.com\" rel=\"nofollow\">Sendible</a>",1
"<a href=\"http://rabida.uhu.es/dspace/\" rel=\"nofollow\">AriasMontanoUHU</a>",1
"<a href=\"https://swonkie.com\" rel=\"nofollow\">swonkie</a>",1
"<a href=\"https://streetwisehiphop.com\" rel=\"nofollow\">Street HipHop</a>",1
"<a href=\"http://gunow.co.ve\" rel=\"nofollow\">Gunow LA</a>",1
"<a href=\"https://peing.net\" rel=\"nofollow\">Peing</a>",1
"<a href=\"https://thehiphopunderground.com/\" rel=\"nofollow\">hiphop UG</a>",1
"<a href=\"https://help.twitter.com/en/using-twitter/how-to-tweet#source-labels\" rel=\"nofollow\">Mad Science Research Topics</a>",1
"<a href=\"https://botbird.net\" rel=\"nofollow\">Botbird tweets</a>",1
"<a href=\"https://www.alertabogota.com/\" rel=\"nofollow\">Alerta Bogotá</a>",1
"<a href=\"https://sites.google.com/view/nepaldisasterwatch/home\" rel=\"nofollow\">Nepal Disaster Watch</a>",1
"<a href=\"https://www.getboost360.com\" rel=\"nofollow\">Boost360</a>",1
"<a href=\"http://postbeyond.com\" rel=\"nofollow\">PostBeyond</a>",1
"<a href=\"https://www.verbanonews.it/\" rel=\"nofollow\">Verbanonews.it</a>",1
"<a href=\"https://covid19globalcases.com/\" rel=\"nofollow\">COVID-19 Global Cases</a>",1
"<a href=\"https://www.myguidedtours.com\" rel=\"nofollow\">NewTourNotification</a>",1
"<a href=\"https://my.example.placeholder\" rel=\"nofollow\">Twitterlehrerzimmer Bot</a>",1
"<a href=\"http://www.wearebab.com\" rel=\"nofollow\">Comitium</a>",1
"<a href=\"http://onollo.com/\" rel=\"nofollow\">Onollo Software</a>",1
"<a href=\"http://www.varesenews.it/\" rel=\"nofollow\">Varese News</a>",1
"<a href=\"https://twitter.com/LSTA_Linfer_en\" rel=\"nofollow\">lsta-linfer-en</a>",1
"<a href=\"https://www.postpickr.com\" rel=\"nofollow\">PostPickr</a>",1
"<a href=\"https://fanpage.app/\" rel=\"nofollow\">Fan Page App</a>",1
"<a href=\"https://pipes.sur-le-web.fr/\" rel=\"nofollow\">n8nBot</a>",1
"<a href=\"https://twitter.com/taka__0077\" rel=\"nofollow\">TwitterBot0077</a>",1
"<a href=\"https://help.twitter.com/en/using-twitter/how-to-tweet#source-labels\" rel=\"nofollow\">The Mainichi</a>",1
"<a href=\"http://www.dinbeelabs.com\" rel=\"nofollow\">Twheater_live</a>",1
"<a href=\"https://era.id/\" rel=\"nofollow\">Era.ID</a>",1
"<a href=\"http://www.voxmedia.com\" rel=\"nofollow\">Chorus publishing platform</a>",1
"<a href=\"http://localhost.com\" rel=\"nofollow\">benet</a>",1
